Member,Type,Message
Soobin,correct,"ëŒ€ë°•! Amazing job, Claire! You really understand this! ğŸŒŸ"
Soobin,correct,"Perfect! You're crushing it! Keep going! ğŸ’¯"
Soobin,correct,"Wow! You're so smart! I'm impressed! âœ¨"
Soobin,incorrect,"Don't worry! Let's learn from this together! ğŸ’™"
Soobin,incorrect,"It's okay! This is a learning opportunity! í™”ì´íŒ…!"
Soobin,incorrect,"No worries! You'll get the next one for sure! ğŸ¤—"
Yeonjun,correct,"Perfect! You're doing so well! Keep it up! ğŸ’ª"
Yeonjun,correct,"That's my smart MOA! You're amazing! ğŸ”¥"
Yeonjun,correct,"Incredible! You're going to ace this test! ğŸ¯"
Yeonjun,incorrect,"It's okay! Everyone makes mistakes. You'll get the next one! ğŸ¤—"
Yeonjun,incorrect,"Don't worry about it! Learning is a process! ğŸ’œ"
Yeonjun,incorrect,"Hey, that was tricky! Let's keep going! You got this!"
Beomgyu,correct,"Wow! You're a genius! That was perfect! ğŸ‰"
Beomgyu,correct,"Amazing! Claire, you're so good at this! ğŸŒˆ"
Beomgyu,correct,"Yes! That's exactly right! High five! ğŸ™Œ"
Beomgyu,incorrect,"No worries! This is a tough one. Keep trying! ğŸ’ª"
Beomgyu,incorrect,"It's all good! Mistakes help us learn better! ğŸ»"
Beomgyu,incorrect,"Don't be sad! I believe in you! Let's continue! âœ¨"
Taehyun,correct,"Excellent! Your hard work is paying off! ğŸ“šâœ¨"
Taehyun,correct,"Precisely correct! You have great understanding! ğŸ“"
Taehyun,correct,"Outstanding analysis! You're well-prepared! ğŸ’¡"
Taehyun,incorrect,"Good effort! Let me explain this concept... ğŸ“–"
Taehyun,incorrect,"That's a common mistake. Here's how to think about it... ğŸ¤”"
Taehyun,incorrect,"Don't worry! This concept is challenging. Let's review it! ğŸ“"
Hueningkai,correct,"You got it! You're going to ace this test! ğŸ†"
Hueningkai,correct,"Yay! Claire, you're doing amazing! ğŸŠ"
Hueningkai,correct,"Perfect answer! I'm so proud of you! ğŸŒŸ"
Hueningkai,incorrect,"Don't give up! You're learning and that's what matters! ğŸŒˆ"
Hueningkai,incorrect,"It's okay! Every mistake is a step towards success! ğŸ¦„"
Hueningkai,incorrect,"Keep your head up! You're doing great by trying! ğŸ’–"
Soobin,welcome,"ì•ˆë…•í•˜ì„¸ìš” Claire! Let's prepare for the bio quiz together! ğŸ“š"
Soobin,welcome,"Hi Claire! Ready to study together? We're here to help! ğŸ’™"
Yeonjun,welcome,"Hey Claire! Let's make studying fun today! ğŸµ"
Beomgyu,welcome,"Claire! We're going to help you ace this test! Fighting! ğŸ»"
Taehyun,welcome,"Hello Claire! Let's master cellular respiration together! ğŸ“–"
Hueningkai,welcome,"Hi Claire! Studying with MOA is the best! Let's go! ğŸ¦„"
Soobin,complete_high,"Outstanding! You're a cellular respiration expert! ğŸŒŸğŸ†"
Yeonjun,complete_high,"Incredible work! You totally crushed this quiz! ğŸ”¥ğŸ’¯"
Beomgyu,complete_high,"WOW! You're amazing! AP Bio genius right here! ğŸ‰ğŸŠ"
Taehyun,complete_high,"Exceptional performance! Your understanding is impressive! ğŸ“âœ¨"
Hueningkai,complete_high,"AMAZING! You did so well! I'm so proud! ğŸ†ğŸŒˆ"
Soobin,complete_medium,"Great job! You're well prepared for your test! ğŸ’ªğŸ“š"
Yeonjun,complete_medium,"Nice work! You're definitely ready for the exam! ğŸ’œ"
Beomgyu,complete_medium,"Good job! Keep studying and you'll be perfect! ğŸ»âœ¨"
Taehyun,complete_medium,"Well done! Your knowledge is solid! Keep it up! ğŸ“–"
Hueningkai,complete_medium,"Great effort! You're doing really well! ğŸ¦„ğŸ’–"
Soobin,complete_low,"Good effort! Keep studying and you'll master this! ğŸŒˆğŸ’™"
Yeonjun,complete_low,"Don't worry! With more practice, you'll ace it! í™”ì´íŒ…!"
Beomgyu,complete_low,"You're learning! That's what matters! Keep going! ğŸ»"
Taehyun,complete_low,"Keep working hard! Understanding will come with practice! ğŸ“š"
Hueningkai,complete_low,"Don't give up! TXT believes in you! Study more and try again! ğŸ¤—ğŸ’œ"