Question,Option A,Option B,Option C,Option D,Correct Answer,Explanation,Difficulty,Topic
"Which statement best describes glycolysis in anaerobic muscle during intense exercise?","It converts two molecules of pyruvate into glucose while consuming two ATP and producing no NADH.","It splits glucose into two pyruvate molecules, yielding a net of two ATP and two NADH, and regenerates NAD⁺ by reducing pyruvate to lactate.","It occurs in mitochondria and yields 4 ATP per glucose but requires oxygen to regenerate NAD⁺.","It oxidizes glucose completely to CO₂, producing the majority of ATP in aerobic respiration.",B,"Glycolysis splits glucose into two pyruvate molecules, netting 2 ATP and producing 2 NADH. Under anaerobic conditions NADH must be reoxidized; lactate dehydrogenase reduces pyruvate to lactate to regenerate NAD⁺.",Medium,"Glycolysis & fermentation"
"What is the total number of NADH, FADH₂ and ATP molecules produced per glucose during pyruvate oxidation and the citric acid cycle combined?","2 NADH, 0 FADH₂ and 2 ATP","4 NADH, 2 FADH₂ and 2 ATP","2 NADH, 1 FADH₂ and 1 ATP","8 NADH, 2 FADH₂ and 2 ATP",D,"Two pyruvates yield 2 NADH in the transition reaction and 6 NADH, 2 FADH₂ and 2 ATP in the citric acid cycle.",Medium,"Citric acid cycle & energy yield"
"Why does NADH yield more ATP than FADH₂ in oxidative phosphorylation?","NADH donates electrons at complex I, which pumps protons, whereas FADH₂ donates at complex II, which does not pump protons.","NADH carries twice as many electrons per molecule as FADH₂.","FADH₂ is converted back to FAD in the cytosol, bypassing the electron transport chain.","FADH₂ enters the electron transport chain at complex IV, which consumes ATP.",A,"NADH donates electrons at complex I, which pumps protons; FADH₂ donates at complex II, which does not pump protons.",Medium,"ETC & oxidative phosphorylation"
"What process directly uses the proton gradient across the inner mitochondrial membrane to synthesize ATP?","Electron transfer from cytochrome c to oxygen","Substrate-level phosphorylation in the citric acid cycle","Oxidative phosphorylation via ATP synthase, whose rotor turns as protons flow through it","Conversion of lactate to pyruvate in the cytosol",C,"Oxidative phosphorylation uses the proton gradient; protons flow through ATP synthase, driving its rotor.",Medium,"Oxidative phosphorylation & ATP synthase"
"Under typical conditions, approximately how many ATP molecules are generated per molecule of glucose in mammalian cells during aerobic respiration, and why is the number not exact?","2 ATP; because NADH produced in glycolysis cannot enter mitochondria.","4 ATP; because electron transport is inefficient.","30–32 ATP; because ATP yield varies depending on which shuttle transports cytosolic NADH into mitochondria.","36–38 ATP; because FADH₂ yields the same number of ATP as NADH.",C,"About 30–32 ATP are produced because the ATP yield per cytosolic NADH varies with the shuttle used to transport electrons into mitochondria.",Medium,"Overall ATP yield of respiration"
"Which combination of effectors correctly describes regulation of phosphofructokinase-1 (PFK-1)?","Activated by high ATP and citrate; inhibited by AMP and fructose-2,6-bisphosphate.","Inhibited by high ATP and citrate and low pH; activated by AMP and fructose-2,6-bisphosphate.","Inhibited by AMP; activated by ATP.","Activated by low pH; inhibited by AMP.",B,"High ATP, citrate and low pH inhibit PFK-1, while AMP and fructose-2,6-bisphosphate activate it.",Hard,"Glycolysis regulation (PFK-1)"
"Which enzymes in the citric acid cycle are inhibited by high ATP and NADH levels, and what product of the cycle also inhibits one of them?","Citrate synthase and succinate dehydrogenase; malate.","Isocitrate dehydrogenase and α-ketoglutarate dehydrogenase; succinyl-CoA.","Aconitase and malate dehydrogenase; fumarate.","Pyruvate dehydrogenase and isocitrate dehydrogenase; α-ketoglutarate.",B,"Isocitrate dehydrogenase and α-ketoglutarate dehydrogenase are inhibited by high ATP and NADH; succinyl-CoA provides product inhibition.",Hard,"Citric acid cycle regulation"
"How does the availability of ADP influence oxygen consumption in mitochondria?","High ADP slows electron transport, decreasing oxygen consumption.","High ATP stimulates proton pumping, increasing oxygen consumption.","High ADP stimulates ATP synthase and accelerates electron flow and oxygen consumption.","Oxygen consumption is independent of ADP concentrations.",C,"High ADP stimulates ATP synthase; proton flow resumes and electron transport and oxygen consumption increase.",Medium,"ETC regulation by ADP/ATP"
"Which statement best describes the fate of glycerol and fatty acids after triglyceride breakdown?","Glycerol enters gluconeogenesis as oxaloacetate; fatty acids are converted directly into glucose.","Glycerol is deaminated to form ketone bodies; fatty acids undergo glycolysis.","Glycerol enters glycolysis at dihydroxyacetone phosphate, and fatty acids undergo β-oxidation to yield acetyl-CoA units.","Both glycerol and fatty acids are converted into lactate under anaerobic conditions.",C,"Glycerol enters glycolysis as DHAP and fatty acids undergo β-oxidation to form acetyl-CoA.",Medium,"Alternative fuels – lipids"
"Why is protein catabolism considered a last resort for energy production?","Because amino acids cannot be converted into citric acid cycle intermediates.","Because removal of amino groups yields toxic ammonia and urea, and breaking down structural proteins compromises cell function.","Because protein catabolism produces more ATP per carbon than fats.","Because amino acids contain no energy in their carbon skeletons.",B,"Protein catabolism removes amino groups, forming urea, and degrades essential structural proteins.",Medium,"Alternative fuels – proteins"
"In fermentation, how are NADH molecules reoxidized to NAD⁺ and why does fermentation yield so little ATP?","NADH transfers electrons to an inorganic acceptor; fermentation yields little ATP because proton pumping is uncoupled.","NADH donates electrons to an organic molecule such as pyruvate or acetaldehyde, and because there is no electron transport chain, only the two ATP from glycolysis are produced.","NADH is oxidized in the mitochondria; fermentation yields little ATP because oxygen consumption is high.","NADH is converted into FADH₂; fermentation yields few ATP because FADH₂ produces less ATP.",B,"NADH is reoxidized by transferring electrons to an organic molecule; because there is no ETC, only the 2 ATP from glycolysis are produced.",Medium,"Fermentation & redox balance"
"Which statement about the Cori cycle is correct?","Lactate is produced in the liver and exported to muscle where it is converted to glucose.","Lactate from muscle is converted to glucose in the liver via gluconeogenesis, consuming ATP, and the glucose is returned to muscle.","The Cori cycle generates ATP in the liver and supplies it to muscle.","The cycle converts lactate to ethanol in the liver.",B,"Muscle lactate travels to the liver, where gluconeogenesis converts it back into glucose at the expense of ATP.",Medium,"Cori cycle (lactate shuttle)"
"In a respirometer experiment, why is it necessary to include a vial with glass beads and KOH but no living tissue?","To provide extra volume for oxygen absorption.","To measure the expansion of gases due to temperature and pressure changes and serve as a control for non-respiratory volume changes.","To supply additional CO₂ for the germinating peas.","To absorb oxygen from the atmosphere so that the seeds have less O₂.",B,"The glass-bead vial corrects for changes in gas volume due to temperature or atmospheric pressure, serving as a control.",Medium,"Experimental design – respirometer control"
"Which chemical reaction explains the role of KOH in a respirometer?","CO₂ + 2 KOH → K₂CO₃ + H₂O","2 KOH + O₂ → 2 KO₂ + H₂O","CO₂ + H₂O → H₂CO₃","CO₂ + O₂ → C₂O₄",A,"CO₂ reacts with KOH to form solid K₂CO₃ and water, removing CO₂ so that changes in gas volume reflect O₂ consumption.",Medium,"Respirometer chemistry (CO₂ absorption)"
"How is oxygen consumption rate calculated from respirometer data?","By dividing total volume change by the number of seeds.","By taking the slope of the line on a volume-versus-time graph; a steeper negative slope indicates faster respiration.","By measuring the area under the curve of a volume graph.","By counting the number of bubbles produced per minute.",B,"The slope of volume change vs. time gives the rate; a steeper negative slope indicates faster respiration.",Easy,"Data analysis – respirometry"
"What happens to oxygen consumption and ATP synthesis when isolated mitochondria are exposed to the following inhibitors?","Cyanide increases oxygen consumption and ATP production; oligomycin and dinitrophenol both decrease oxygen consumption.","Cyanide stops oxygen consumption and ATP synthesis; oligomycin stops ATP synthesis but initially increases oxygen consumption; dinitrophenol decreases ATP synthesis while increasing oxygen consumption due to proton leakage.","All three inhibitors stop oxygen consumption and ATP synthesis.","Dinitrophenol increases both oxygen consumption and ATP synthesis.",B,"Cyanide halts electron transport and oxygen consumption. Oligomycin blocks the proton channel of ATP synthase; proton pumping continues briefly, but oxygen consumption eventually decreases. Dinitrophenol uncouples oxidation from phosphorylation, so electrons flow rapidly and oxygen consumption increases while ATP synthesis drops.",Hard,"ETC inhibitors & uncouplers"
"What is a consequence of using the glycerol-3-phosphate shuttle instead of the malate-aspartate shuttle?","Cytosolic NADH yields the same ATP regardless of shuttle.","Electrons from cytosolic NADH are transferred to FAD, generating fewer ATP per NADH because they enter the ETC at complex II.","Electrons bypass the ETC entirely.","Electrons are transported directly to oxygen without pumping protons.",B,"The glycerol-3-phosphate shuttle transfers electrons to FAD in the inner membrane, yielding fewer ATP because electrons enter at complex II.",Medium,"Shuttles & ATP yield"
"Which evidence supports the endosymbiotic origin of mitochondria?","Mitochondria use the same ribosomes as the nucleus.","Mitochondria have circular DNA and bacterial-type ribosomes and divide by binary fission.","Mitochondria are synthesized de novo in the ER.","Mitochondria encode all proteins required for respiration.",B,"Mitochondria have circular DNA, bacterial-type ribosomes and divide by binary fission.",Medium,"Endosymbiotic theory – mitochondria"
"The proton-motive force drives processes other than ATP synthesis. Which of the following is one such process?","GTP hydrolysis in the cytosol.","Heat generation via uncoupling proteins and transport of ADP, phosphate or pyruvate across the inner membrane.","DNA replication in the nucleus.","Photosynthetic light reactions in chloroplasts.",B,"The proton gradient drives ATP/ADP exchange, phosphate and pyruvate transport, and heat generation via uncoupling proteins.",Medium,"Proton-motive force & transport"
"Which statement explains why germinating seeds produce CO₂ but not O₂ before photosynthetic tissues develop?","Seeds lack mitochondria and therefore ferment glucose to ethanol.","Germinating seeds respire stored nutrients and release CO₂ via mitochondrial respiration; they produce no O₂ until chloroplasts develop for photosynthesis.","Seeds photosynthesize CO₂ into O₂ through their seed coat.","Seeds fix nitrogen and release O₂.",B,"Germinating seeds respire stored nutrients; they produce CO₂ and consume O₂ before photosynthesis begins.",Medium,"Seed respiration vs photosynthesis"
"How do mitochondria and chloroplasts interact in a green leaf cell under high light?","Chloroplasts supply ATP and NADPH to mitochondria via the electron transport chain.","Excess reducing power from photosynthesis can be exported to mitochondria as malate or triose phosphates; mitochondria provide ATP and carbon skeletons.","Mitochondria directly donate electrons to NADP⁺ in chloroplasts.","There is no interaction; the organelles operate independently.",B,"Excess reductant from chloroplasts can be exported to mitochondria via malate or triose phosphate shuttles; mitochondria return ATP and carbon skeletons.",Hard,"Integration of photosynthesis & respiration"
"Which enzyme detoxifies superoxide generated by electron leakage in the ETC?","Cytochrome oxidase","Superoxide dismutase","ATP synthase","RuBisCO",B,"Superoxide dismutase converts superoxide to hydrogen peroxide, which is further detoxified.",Medium,"Reactive oxygen species detoxification"
"Which human disease is correctly matched to a defect in respiration?","Pyruvate dehydrogenase deficiency → lactic acidosis and neurological defects","Hemophilia → mutation in complex I of the ETC","Type 1 diabetes → deficiency of succinate dehydrogenase","Parkinson's disease → mutation in pyruvate kinase",A,"Pyruvate dehydrogenase deficiency causes lactic acidosis and neurological symptoms.",Medium,"Human disease & mitochondrial metabolism"
"How does UCP1 in brown adipose tissue generate heat?","It increases proton pumping at complex I.","It allows protons to re-enter the matrix without producing ATP, dissipating the proton gradient as heat.","It activates ATP synthase to produce excess ATP.","It shuttles electrons from NADH to FADH₂.",B,"UCP1 allows protons to flow back into the matrix without ATP synthesis, releasing heat.",Medium,"Uncoupling & thermogenesis"
"Why does lactic acid accumulation slow glycolysis?","High lactate raises pH and activates PFK-1.","Low pH inhibits phosphofructokinase-1, slowing glycolysis to prevent further acidification.","Lactate directly inhibits ATP synthase.","Lactate binds NADH and prevents its oxidation.",B,"Low pH from lactic acid inhibits PFK-1, slowing glycolysis and preventing further acidification.",Medium,"Feedback regulation of glycolysis"
"Which enzyme catalyzes an anaplerotic reaction replenishing oxaloacetate?","Pyruvate carboxylase","Pyruvate kinase","Hexokinase","Glycogen phosphorylase",A,"Pyruvate carboxylase converts pyruvate to oxaloacetate in an anaplerotic reaction.",Medium,"Anaplerotic reactions (CAC)"
"How are the citric acid cycle and urea cycle linked?","Both cycles occur in the nucleus.","Fumarate produced in the urea cycle enters the citric acid cycle, linking energy and nitrogen metabolism.","Urea is converted into α-ketoglutarate to replenish the cycle.","The urea cycle produces NADH for respiration.",B,"Fumarate produced in the urea cycle enters the citric acid cycle, linking nitrogen disposal and energy metabolism.",Hard,"Link between CAC & urea cycle"
"During prolonged fasting, which metabolic processes occur in the liver?","β-oxidation of fatty acids provides acetyl-CoA and NADH for gluconeogenesis and ketone body synthesis.","Glycolysis increases to generate ATP for fatty acid synthesis.","Amino acids are converted into glucose and glycogen is synthesized.","The citric acid cycle stops to conserve acetyl-CoA.",A,"During fasting, β-oxidation supplies energy and acetyl-CoA for gluconeogenesis and ketone body synthesis.",Medium,"Starvation metabolism – liver"
"Which statement best describes aerobic respiration in bacteria?","Bacteria lack an electron transport chain and use fermentation exclusively.","Bacteria embed electron transport components in their plasma membrane; proton pumping across the membrane drives ATP synthase that faces the cytoplasm.","Bacterial mitochondria function identically to eukaryotic mitochondria.","Bacteria perform respiration in the periplasmic space of their cell wall.",B,"Bacteria embed the ETC in the plasma membrane; proton pumping across the membrane drives ATP synthase oriented toward the cytoplasm.",Medium,"Prokaryotic aerobic respiration"
"Which process releases CO₂ and NH₃ during photorespiration?","The Calvin cycle in chloroplasts.","Conversion of glycine to serine in mitochondria as part of the photorespiratory pathway.","Glycolysis in the cytosol.","β-oxidation in peroxisomes.",B,"In photorespiration, mitochondria convert glycine to serine, releasing CO₂ and NH₃.",Medium,"Photorespiration pathway"
"Why might statin therapy inadvertently lower ATP production?","Statins inhibit coenzyme Q synthesis, reducing electron transfer from complexes I and II to III and decreasing ATP production.","Statins block pyruvate dehydrogenase, halting the citric acid cycle.","Statins directly inhibit ATP synthase.","Statins cause FADH₂ to bypass the electron transport chain.",A,"Statins inhibit HMG-CoA reductase, reducing CoQ levels and ATP production.",Hard,"Pharmacology & ETC (statins, CoQ)"
"Why do mature mammalian red blood cells rely solely on glycolysis?","They contain no glucose transporters.","They lack mitochondria, so pyruvate is reduced to lactate to regenerate NAD⁺ for glycolysis.","They oxidize fatty acids to produce ATP.","They convert lactate to ethanol.",B,"Mature red blood cells lack mitochondria and rely on glycolysis; pyruvate is reduced to lactate to regenerate NAD⁺.",Medium,"Anaerobic glycolysis in RBCs"
"Which combination lists the primary rate-limiting enzymes for glycolysis, the citric acid cycle and electron transport?","Hexokinase, fumarase and cytochrome c oxidase.","Phosphofructokinase-1, isocitrate dehydrogenase and the availability of ADP at ATP synthase.","Glycogen synthase, malate dehydrogenase and NADH dehydrogenase.","Pyruvate kinase, α-ketoglutarate dehydrogenase and succinate dehydrogenase.",B,"The rate-limiting enzymes are PFK-1 for glycolysis, isocitrate dehydrogenase for the citric acid cycle and the availability of ADP (coupling through ATP synthase) for electron transport.",Hard,"Global regulation of glycolysis, CAC & ETC"
"In a microrespirometer experiment, what result would you expect if germinating peas are treated with rotenone (a complex I inhibitor)?","Oxygen consumption increases because complex II compensates.","Oxygen consumption decreases compared with untreated peas because electrons from NADH cannot enter the ETC at complex I.","There is no difference because rotenone only affects photosynthesis.","Oxygen consumption ceases immediately and cannot resume even with succinate addition.",B,"Rotenone inhibits complex I, preventing NADH electrons from entering the ETC, so oxygen consumption drops relative to controls.",Hard,"ETC inhibition in respirometry (rotenone)"
"Why did dinitrophenol (DNP) cause dangerous weight loss when used as a diet drug?","It blocked all ATP production, causing starvation.","It acted as a proton ionophore, dissipating the proton gradient and causing cells to oxidize fuels for heat rather than ATP, leading to hyperthermia and uncontrolled weight loss.","It increased electron transport efficiency and ATP synthesis.","It inhibited β-oxidation, decreasing fat utilization.",B,"DNP uncouples oxidative phosphorylation by carrying protons across the membrane, causing heat production and dangerous weight loss.",Medium,"Uncouplers & metabolism (DNP)"
"Which strategy could exploit the Warburg effect in cancer cells?","Enhancing lactate dehydrogenase activity to increase lactic acid production.","Inhibiting glycolysis or pyruvate dehydrogenase, thereby starving cancer cells that rely heavily on glycolysis for ATP.","Blocking mitochondrial uncouplers.","Increasing NADH oxidation at complex I.",B,"Targeting glycolysis or PDH exploits cancer cells' reliance on glycolysis (Warburg effect); inhibiting lactate export can also impair tumor metabolism.",Hard,"Cancer metabolism – Warburg effect"
"What evidence suggests glycolysis evolved before the citric acid cycle and oxidative phosphorylation?","Glycolysis requires mitochondria, whereas the citric acid cycle does not.","Glycolysis occurs in nearly all organisms and does not require oxygen or organelles, fitting early anaerobic conditions; the citric acid cycle and oxidative phosphorylation require oxygen and evolved after endosymbiosis.","Oxidative phosphorylation functions in prokaryotes but glycolysis does not.","Early Earth was rich in oxygen, favoring oxidative phosphorylation first.",B,"Glycolysis is ancient, occurring in almost all organisms and requiring no oxygen; the citric acid cycle and oxidative phosphorylation evolved later after oxygen accumulation and endosymbiosis.",Medium,"Evolution of metabolic pathways"
"Why are mitochondrial diseases predominantly maternally inherited?","Only fathers contribute mitochondria to offspring.","The egg provides most mitochondria; sperm mitochondria are generally degraded, so mitochondrial DNA is inherited from the mother.","Mitochondrial DNA integrates into nuclear chromosomes before fertilization.","Mitochondria are synthesized from scratch in each generation.",B,"The egg contributes most mitochondria; paternal mitochondria are usually degraded, so mitochondrial DNA is maternally inherited.",Medium,"Mitochondrial genetics & inheritance"
"How does hypoxia-inducible factor 1 (HIF-1) help cells adapt to low oxygen?","It increases expression of oxidative phosphorylation genes to consume more oxygen.","It shifts metabolism toward glycolysis by up-regulating glycolytic enzymes and glucose transporters and down-regulating mitochondrial respiration.","It activates the urea cycle to dispose of lactate.","It directly inhibits lactate dehydrogenase.",B,"HIF-1 increases glycolytic gene expression and glucose uptake while suppressing mitochondrial biogenesis, shifting metabolism toward anaerobic glycolysis.",Hard,"Hypoxia response & metabolic regulation (HIF-1)"
"What does a respiratory quotient (RQ) of 0.7 indicate?","The organism is oxidizing carbohydrates exclusively.","The organism is oxidizing fats, which require more oxygen relative to CO₂ produced and thus yield an RQ below 1.0.","The organism is fermenting glucose anaerobically.","The organism is synthesizing glucose from CO₂.",B,"An RQ of 0.7 suggests oxidation of fats, which require more oxygen per CO₂ produced and thus have a lower RQ.",Medium,"Respiratory quotient (RQ) – fuel usage"
"Which experiment supported the chemiosmotic theory proposed by Peter Mitchell?","Measurement of ATP synthesis in isolated mitochondria lacking membranes.","Demonstration that an artificial pH gradient across intact membranes can drive ATP synthesis without electron transport.","Identification of a high-energy chemical intermediate formed by oxygen.","Observation that ATP synthase is not necessary for ATP formation.",B,"Mitchell's chemiosmotic theory was supported by experiments showing that an artificial pH gradient across intact membranes can drive ATP synthesis even without electron transport.",Medium,"Chemiosmotic theory evidence"
"How does pyruvate cross the inner mitochondrial membrane into the matrix?","By simple diffusion through the lipid bilayer.","Via a proton symporter called the mitochondrial pyruvate carrier, using the proton-motive force.","Through voltage-gated Ca²⁺ channels.","Via the ADP/ATP translocase.",B,"Pyruvate crosses the inner membrane via the mitochondrial pyruvate carrier, a proton symporter that uses the proton-motive force.",Medium,"Mitochondrial transport – pyruvate carrier"
"Which component of the proton-motive force predominates in mitochondria and why?","The pH gradient, because protons accumulate in the matrix.","The membrane potential (Δψ), because charge separation across the inner membrane contributes most of the energy for ATP synthesis.","Neither component contributes significantly to ATP synthesis.","Both components contribute equally and cannot be distinguished.",B,"In mitochondria, the membrane potential (Δψ) contributes most of the proton-motive force; charge separation across the membrane stores more energy than the pH difference.",Medium,"Proton-motive force – Δψ vs ΔpH"
"What happens to proton pumping and oxygen reduction if the ETC is blocked by cyanide?","Proton pumping increases and oxygen consumption rises.","Electron flow and proton pumping stop, oxygen cannot be reduced and ATP synthesis ceases.","Oxygen continues to be reduced without electron transport.","NADH is oxidized directly by oxygen in the cytosol.",B,"Cyanide blocks cytochrome c oxidase; electron transport, proton pumping and oxygen reduction stop.",Medium,"ETC inhibition – cyanide"
"Why is the RQ of palmitic acid lower than that of glucose?","Palmitic acid contains more oxygen atoms than glucose.","Palmitic acid is more reduced and requires more oxygen per carbon to oxidize completely, producing less CO₂ per O₂ consumed.","Glucose oxidation does not involve the ETC.","Palmitic acid produces no CO₂ during oxidation.",B,"Fats are more reduced than carbohydrates and thus require more oxygen for oxidation, producing less CO₂ per O₂ consumed, giving a lower RQ.",Medium,"Fat vs carbohydrate oxidation (RQ)"
"Which transporter exchanges aspartate for glutamate plus a proton across the inner mitochondrial membrane?","The ADP/ATP translocase","The phosphate translocase","The aspartate–glutamate carrier, which uses the proton gradient to drive exchange","The malate–α-ketoglutarate antiporter",C,"The aspartate–glutamate carrier exchanges aspartate for glutamate plus a proton, using the proton gradient.",Hard,"Mitochondrial shuttles & carriers"
"What is the effect of a high NADH/NAD⁺ ratio in the mitochondrial matrix?","It accelerates pyruvate dehydrogenase and citric acid cycle dehydrogenases.","It inhibits pyruvate dehydrogenase and citric acid cycle dehydrogenases, slowing oxidative metabolism.","It stimulates oxygen consumption and ROS production.","It has no effect on metabolic flux.",B,"A high NADH/NAD⁺ ratio inhibits pyruvate dehydrogenase and citric acid cycle dehydrogenases, slowing oxidative metabolism.",Medium,"Redox state & metabolic regulation"
"MCAD deficiency reduces the oxidation of medium-chain fatty acids. What is a clinical consequence of this disorder?","Elevated ketone body production and hyperglycemia during fasting.","Hypoketotic hypoglycemia during fasting due to decreased β-oxidation and impaired gluconeogenesis.","Excess ATP production in muscle.","Increased triglyceride synthesis.",B,"MCAD deficiency impairs β-oxidation, leading to hypoketotic hypoglycemia during fasting.",Hard,"Inborn errors of metabolism – MCAD"
"How do some plant tissues survive flooded, anoxic conditions?","They store large amounts of oxygen in vacuoles.","They use alternative oxidase pathways and switch to alcoholic fermentation, producing ethanol to regenerate NAD⁺.","They maintain normal oxidative phosphorylation by increasing complex I activity.","They photosynthesize CO₂ into oxygen underwater.",B,"Flooded plant tissues use alternative oxidase pathways and switch to alcoholic fermentation, producing ethanol to regenerate NAD⁺.",Medium,"Plant anaerobic metabolism & alternative oxidase"
"Consider the following multiple-choice question designed to test knowledge of respiration inhibitors: ""A researcher adds an inhibitor that prevents electron transfer from cytochrome c to complex IV. Which observation would be expected?""","Electron transport continues normally, and ATP synthesis increases.","Electron transport and proton pumping stop; oxygen is not consumed and ATP synthesis halts.","Electrons bypass complex IV and directly reduce oxygen, increasing ATP.","Proton pumping at complexes I and III increases due to electron accumulation.",B,"Blocking electron transfer from cytochrome c to complex IV stops electron transport and proton pumping; oxygen is not reduced and ATP synthesis halts.",Medium,"ETC inhibition – complex IV"
"During an all-out sprint, a muscle cell metabolizes glucose anaerobically while ATP levels fall and AMP accumulates. Which statement best explains how glycolysis continues under these conditions and how pH changes feed back into its regulation?","High ATP activates phosphofructokinase-1 (PFK-1) and pyruvate kinase, allowing glycolysis to proceed without lactate formation.","AMP stimulates PFK-1 to increase glycolytic flux, while NADH is oxidized by reducing pyruvate to lactate to regenerate NAD⁺; accumulating lactic acid lowers pH, which eventually inhibits PFK-1 to prevent further acidification.","Pyruvate is converted to acetyl-CoA in the cytosol, entering the citric acid cycle where lactic acid is neutralized; pH has no effect on glycolytic enzymes.","AMP inhibits PFK-1, slowing glycolysis, while lactate formation consumes protons and raises pH, thereby activating glycolysis further.",B,"During an all-out sprint, high AMP activates PFK-1 to increase glycolytic flux; NADH is reoxidized by reducing pyruvate to lactate to regenerate NAD⁺, while the low pH from lactic acid eventually inhibits PFK-1 to prevent further acidification.",Hard,"Integrated regulation – glycolysis, lactate & pH"
"A researcher feeds cells uniformly labeled [¹⁴C]-glucose and measures the distribution of ¹⁴C in metabolic products under aerobic conditions. Which product(s) will contain radiolabeled carbon after complete oxidation, and how many ¹⁴C atoms will each molecule contain?","Each NADH molecule will contain two ¹⁴C atoms because it carries electrons from two carbons of glucose.","CO₂ will contain all six ¹⁴C atoms after decarboxylation reactions in pyruvate oxidation and the citric acid cycle.","FADH₂ will be radiolabeled at the adenine moiety, carrying one ¹⁴C atom per FADH₂.","Water produced at complex IV will contain three ¹⁴C atoms because oxygen accepts three carbon atoms.",B,"During complete oxidation of [¹⁴C]-glucose, all six carbon atoms are released as ¹⁴CO₂ through decarboxylation reactions in pyruvate oxidation and the citric acid cycle.",Medium,"Tracing carbon through cellular respiration"
"Consider a cell oxidizing palmitate via β-oxidation and the citric acid cycle while also converting some acetyl-CoA to ketone bodies. Which of the following correctly predicts the respiratory quotient (RQ) and the source of NADH used by the electron transport chain?","The RQ approaches 1.0, and NADH originates mostly from glycolysis.","The RQ is below 1.0 because palmitate oxidation consumes more O₂ per CO₂ produced; NADH is generated in both β-oxidation and the citric acid cycle.","The RQ is 1.0 because ketone body formation produces CO₂; NADH derives exclusively from lactate dehydrogenase.","The RQ exceeds 1.0 and NADH is produced solely in gluconeogenesis.",B,"Fat oxidation has an RQ below 1.0 because fats require more oxygen per CO₂ produced; NADH comes from both β-oxidation and citric acid cycle.",Medium,"Fat oxidation, ketone bodies & RQ"
"In the mitochondrial matrix, a high NADH/NAD⁺ ratio inhibits pyruvate dehydrogenase and citric acid cycle enzymes. Meanwhile, ADP levels are low and succinate accumulates. What will happen to electron transport, proton pumping and ATP synthesis under these conditions?","Electron transport speeds up, proton pumping increases and ATP synthesis is stimulated because NADH is abundant.","Electron transport slows due to lack of oxidized carriers; proton pumping and ATP synthesis decrease despite succinate feeding complex II, because high NADH and low ADP limit overall flux.","Succinate oxidation at complex II will fully compensate for the inhibited enzymes, increasing ATP synthesis and reducing the NADH/NAD⁺ ratio.","High NADH activates rotenone-sensitive complex I, resulting in increased oxygen consumption.",B,"High NADH/NAD⁺ ratio and low ADP levels inhibit electron transport and ATP synthesis; even though succinate feeds complex II, the lack of ADP limits overall flux.",Hard,"Control of ETC & CAC by redox and ADP"
"When electrons from cytosolic NADH enter the mitochondrion via the malate–aspartate shuttle, they reduce NAD⁺ in the matrix. If instead the glycerol-3-phosphate shuttle is used, how will ATP yield and reactive oxygen species (ROS) production change, and why?","ATP yield increases and ROS production decreases because FADH₂ donates electrons at complex II, bypassing proton pumping and minimizing electron leakage.","ATP yield decreases by approximately one ATP per cytosolic NADH because electrons enter at complex II; ROS production may increase due to higher flux through the electron transport chain.","ATP yield is unaffected and ROS production falls because glycerol-3-phosphate is an antioxidant.","ATP yield increases because FADH₂ yields more ATP than NADH, and ROS production remains unchanged.",B,"The glycerol-3-phosphate shuttle yields fewer ATP because electrons enter at complex II (no complex I proton pumping); ROS production may increase due to higher ETC flux.",Hard,"NADH shuttles, ATP yield & ROS"
"A mutant yeast strain lacks functional α-ketoglutarate dehydrogenase. When glucose is metabolized aerobically, which of the following outcomes is most likely regarding ATP yield, biosynthesis of amino acids and redox balance?","ATP yield increases because citrate accumulates and enters gluconeogenesis.","ATP yield decreases; α-ketoglutarate accumulates and is siphoned into amino acid synthesis; NADH accumulation inhibits upstream dehydrogenases and fermentation may occur despite oxygen availability.","ATP yield is unaffected, but amino acid synthesis stops because α-ketoglutarate cannot be produced.","ATP yield increases because pyruvate is diverted to lactate fermentation.",B,"Without α-ketoglutarate dehydrogenase, ATP yield decreases, α-ketoglutarate accumulates for amino acid synthesis, and NADH accumulation inhibits upstream enzymes.",Hard,"CAC defect, amino acid synthesis & redox"
"Cells treated with oligomycin exhibit rapid NADH accumulation and slowed oxygen consumption. Addition of the uncoupler dinitrophenol (DNP) restores oxygen consumption but not ATP production. Explain this observation in terms of proton gradient, electron flow and ATP synthase activity.","Oligomycin blocks ATP synthase, causing protons to accumulate, which halts electron flow; DNP dissipates the gradient, relieving back pressure and restoring electron transport and oxygen consumption but preventing ATP synthesis.","Oligomycin enhances proton pumping at complex I, increasing electron flow; DNP restores ATP synthesis by increasing the proton gradient.","Oligomycin converts ATP synthase into a proton pump; DNP inhibits complex III.","Oligomycin has no effect on the proton gradient; DNP competes with NAD⁺ for electrons.",A,"Oligomycin blocks ATP synthase, creating back pressure that slows electron transport; DNP dissipates the gradient, restoring electron flow and O₂ consumption but not ATP synthesis.",Hard,"Coupling & uncoupling in oxidative phosphorylation"
"A microrespirometer measures O₂ consumption in germinating peas treated with malonate (a competitive inhibitor of succinate dehydrogenase). The seeds are also incubated at different temperatures. Which result would support the combined effects of enzyme inhibition and temperature on respiration?","At high temperature, malonate increases the slope of oxygen consumption because succinate dehydrogenase activity is bypassed.","At low temperature, malonate has little effect; at higher temperature, both the inhibitor and increased kinetic energy decrease O₂ consumption rate because complex II is inhibited and enzymes denature.","Malonate stimulates the citric acid cycle, increasing O₂ consumption at all temperatures.","Temperature has no effect on O₂ consumption when malonate is present because complex II is the only rate-determining step.",B,"At low temperature, malonate shows little effect due to slow kinetics; at high temperature, malonate inhibition combines with potential enzyme denaturation to reduce O₂ consumption.",Hard,"ETC inhibitor (malonate) & temperature effects"
"Which combination of statements about fatty acid catabolism, the urea cycle and gluconeogenesis during starvation is accurate?","β-oxidation supplies acetyl-CoA and NADH to drive gluconeogenesis; amino acid deamination produces ammonia that enters the urea cycle, and fumarate generated in the urea cycle replenishes the citric acid cycle.","β-oxidation produces glucose directly; nitrogen from amino acids is excreted as uric acid; the urea cycle consumes NADH generated from ketone bodies.","Fatty acid oxidation supplies oxaloacetate for gluconeogenesis; the urea cycle produces ketone bodies; gluconeogenesis occurs only in muscle.","β-oxidation lowers acetyl-CoA levels, inhibiting gluconeogenesis; ammonia is converted into urea via the electron transport chain.",A,"During starvation, β-oxidation provides energy for gluconeogenesis, amino acid deamination produces ammonia for the urea cycle, and fumarate links the urea cycle to energy metabolism.",Hard,"Integrated starvation metabolism (fat, urea cycle, gluconeogenesis)"
"A red blood cell (RBC) in the bloodstream encounters arsenate, an inhibitor that uncouples substrate-level phosphorylation in glycolysis by mimicking phosphate. Predict how ATP production, lactate formation and NAD⁺ regeneration will be affected in RBCs.","ATP production increases because arsenate supplies extra phosphate; lactate formation decreases because NADH is oxidized directly in the ETC.","ATP production decreases because arsenate bypasses the phosphoglycerate kinase step; lactate formation continues to regenerate NAD⁺ as pyruvate is reduced.","ATP production is unaffected; arsenate acts only in mitochondria.","ATP production increases; lactate formation ceases and NAD⁺ accumulates.",B,"Arsenate uncouples substrate-level phosphorylation, reducing ATP production from glycolysis; lactate formation continues to regenerate NAD⁺.",Medium,"Glycolysis poison (arsenate) in RBCs"
"Rotenone inhibits complex I of the ETC. In an experiment, two sets of germinating seeds are placed in respirometers: one treated with rotenone, the other untreated. Both respirometers contain KOH to absorb CO₂. Predict the relative changes in volume inside the pipettes and explain the mechanism.","The rotenone-treated respirometer will show an increased rate of gas volume decrease because electrons bypass complex I, enhancing O₂ consumption.","The rotenone-treated respirometer will show a reduced rate of gas volume decrease because NADH cannot transfer electrons to the ETC at complex I; FADH₂ enters at complex II but pumps fewer protons, lowering O₂ consumption.","Both respirometers will show identical rates because KOH absorbs CO₂.","The untreated respirometer will show no change in gas volume because CO₂ absorption by KOH prevents any movement of the fluid.",B,"Rotenone blocks complex I, preventing NADH oxidation; only FADH₂ can enter at complex II, reducing overall O₂ consumption and the rate of volume decrease.",Medium,"Respirometry with ETC inhibitor (rotenone)"
"A liver cell in a fasted state is oxidizing fatty acids and performing gluconeogenesis. If the ratio of ATP/ADP is high, how does this affect phosphofructokinase-1, pyruvate dehydrogenase and citrate synthase activities, and what is the consequence for glucose production?","High ATP inhibits PFK-1 and pyruvate dehydrogenase, leading to accumulation of acetyl-CoA; citrate synthase is activated, funneling acetyl-CoA into the citric acid cycle, reducing gluconeogenesis.","High ATP inhibits PFK-1 and pyruvate dehydrogenase; citrate synthase slows because oxaloacetate is used for gluconeogenesis; this favors conversion of pyruvate to oxaloacetate, stimulating glucose production.","High ATP activates all three enzymes, boosting the citric acid cycle and decreasing gluconeogenesis.","ATP level has no effect on these enzymes, so gluconeogenesis proceeds independently of energy status.",B,"High ATP inhibits PFK-1 and pyruvate dehydrogenase while oxaloacetate is diverted to gluconeogenesis, slowing citrate synthase and favoring glucose production.",Hard,"Fasted liver – regulation of glycolysis, PDH & CAC"
"In an experiment, mitochondria are isolated and provided with malate, ADP and inorganic phosphate. Oxygen consumption and ATP synthesis proceed at a steady rate. When citrate accumulates to high levels in the matrix, malate levels decline. What effect will this have on the citric acid cycle and glycolysis in intact cells, and why?","High citrate inhibits PFK-1 in the cytosol, slowing glycolysis; it also inhibits citrate synthase in the matrix, reducing citric acid cycle flux and causing malate to accumulate in the cytosol.","Citrate activates PFK-1, accelerating glycolysis and increasing NADH production.","Citrate directly increases malate production, enhancing the citric acid cycle and glycolysis.","Citrate has no regulatory roles in either pathway.",A,"High citrate inhibits both PFK-1 (slowing glycolysis) and citrate synthase (slowing the citric acid cycle), creating feedback inhibition that coordinates energy metabolism.",Hard,"Feedback between citrate, glycolysis & CAC"
"A plant cell receives strong light and has abundant ATP and NADPH from photosynthesis, but the Calvin cycle is limited by low CO₂. How does this affect mitochondrial respiration, the malate valve and the balance between NADH and NAD⁺ in the matrix?","Mitochondrial respiration decreases; the malate valve exports excess reducing power from chloroplasts to mitochondria; NADH levels in the matrix rise, inhibiting the citric acid cycle.","Mitochondrial respiration increases; ATP synthase runs backward, pumping protons into the intermembrane space; NAD⁺ accumulates.","Chloroplasts import NADH from mitochondria via the malate valve; mitochondrial respiration stops.","The malate valve transfers ATP into chloroplasts; NADH levels remain unchanged.",A,"With excess photosynthetic reducing power and limited CO₂, the malate valve exports reductant to mitochondria, increasing NADH/NAD⁺ ratio and inhibiting respiration.",Hard,"Malate valve & chloroplast–mitochondria interaction"
"Carbon monoxide (CO) binds to hemoglobin and also inhibits cytochrome c oxidase (complex IV). In tissues exposed to CO, which processes are directly affected, and what are the consequences for ATP production and oxygen consumption?","CO prevents oxygen from reaching tissues but leaves complex IV unaffected; ATP synthesis continues via oxidative phosphorylation.","CO reduces oxygen delivery and inhibits complex IV; electron transport and proton pumping stop, leading to decreased oxygen consumption and cessation of ATP synthesis.","CO acts as an uncoupler, increasing oxygen consumption and heat production.","CO stimulates complex II activity and increases FADH₂ oxidation.",B,"CO reduces oxygen delivery (hemoglobin binding) and blocks complex IV, stopping electron transport, proton pumping, and ATP synthesis.",Medium,"CO poisoning – hemoglobin & complex IV"
"During prolonged aerobic exercise, skeletal muscle gradually shifts from predominantly carbohydrate oxidation to increased fatty acid oxidation. How does this shift affect the respiratory quotient (RQ), the ratio of NADH produced per carbon oxidized and the reliance on glycolysis?","RQ increases, NADH/CO₂ ratio decreases and glycolytic flux rises.","RQ decreases toward ~0.7, NADH per carbon oxidized remains similar but electron flow per O₂ increases; reliance on glycolysis declines as β-oxidation provides ATP.","RQ stays at 1.0, NADH/CO₂ ratio increases, and glycolysis accelerates.","RQ fluctuates randomly; these shifts have no effect on glycolysis.",B,"Shift to fat oxidation decreases RQ to ~0.7, maintains similar NADH/carbon ratios but increases electron flow, reducing glycolytic dependence.",Medium,"Exercise metabolism – fuel shift & RQ"
"A novel inhibitor blocks the ADP/ATP translocase in the inner mitochondrial membrane. Predict the immediate effects on oxidative phosphorylation, proton gradient, electron transport rate and cytosolic ATP levels.","Oxidative phosphorylation continues; the proton gradient dissipates; electron transport speeds up; cytosolic ATP rises.","ADP cannot enter the matrix, so ATP synthase slows; the proton gradient increases; electron transport slows due to back pressure; cytosolic ATP levels fall.","Blocking the translocase increases ATP export; electron transport and proton pumping accelerate.","The inhibitor affects only substrate-level phosphorylation; oxidative phosphorylation proceeds normally.",B,"Blocking ADP/ATP translocase prevents ADP entry, slowing ATP synthase and creating back pressure that reduces electron transport; cytosolic ATP falls.",Hard,"ADP/ATP translocase & control of ETC"
"A cell line lacks glycerol-3-phosphate dehydrogenase in the cytosol. Which processes will be impaired, and how will this influence the ATP yield from glycolysis and oxidative phosphorylation?","The malate–aspartate shuttle is blocked; cytosolic NADH cannot enter mitochondria, reducing ATP yield from glycolysis.","The glycerol-3-phosphate shuttle is non-functional; electrons cannot pass to FAD in the inner membrane; ATP yield per cytosolic NADH increases because the malate–aspartate shuttle becomes dominant.","Beta-oxidation is halted; pyruvate is converted exclusively to lactate.","Electron transport chain complexes are inhibited; ATP synthase reverses.",B,"Without cytosolic glycerol-3-phosphate dehydrogenase, the G3P shuttle is blocked, forcing use of the malate–aspartate shuttle and increasing ATP yield per cytosolic NADH.",Hard,"Shuttle choice & ATP yield"
"A scientist isolates mitochondria and provides succinate, rotenone and ADP. Oxygen consumption is measured. Compared with mitochondria supplied with malate and ADP without inhibitors, what differences in oxygen consumption and proton pumping would you expect, and why?","Oxygen consumption and proton pumping are similar because succinate oxidation at complex II and malate oxidation at complex I produce the same number of protons.","With succinate and rotenone, electrons bypass complex I; oxygen consumption continues but proton pumping decreases because complex II does not pump protons.","Oxygen consumption stops because succinate oxidation requires complex I.","Proton pumping increases because complex II pumps more protons per electron than complex I.",B,"Succinate oxidation bypasses complex I (blocked by rotenone), so oxygen consumption continues but proton pumping is reduced because complex II doesn't pump protons.",Hard,"Complex II vs I – ETC & proton pumping"
"A plant cell performs photorespiration when RuBisCO fixes O₂. Describe how mitochondria are involved and how this process affects the overall energy balance compared with mitochondrial respiration.","Mitochondria convert glycine to serine, releasing CO₂ and NH₃; photorespiration consumes ATP and does not produce ATP, making it energetically costly compared with mitochondrial respiration.","Mitochondria in photorespiration produce more ATP than in regular respiration because oxygen is directly fixed.","Photorespiration bypasses mitochondria entirely and produces the same ATP as respiration.","Mitochondria convert serine to glycine, producing ATP equivalent to normal respiration.",A,"In photorespiration, mitochondria convert glycine to serine (releasing CO₂ and NH₃), but the process consumes ATP without producing any, making it energetically wasteful.",Medium,"Photorespiration vs mitochondrial respiration"
"In most eukaryotic cells, where does glycolysis occur?","In the mitochondrial matrix","In the cytosol","In the intermembrane space of mitochondria","In the nucleus",B,"Glycolysis takes place in the cytosol, not in mitochondria.",Easy,"Glycolysis – location"
"Which enzyme catalyzes the first committed step of glycolysis?","Hexokinase","Phosphofructokinase-1 (PFK-1)","Pyruvate kinase","Aldolase",B,"PFK-1 catalyzes the committed, highly regulated step of glycolysis.",Medium,"Glycolysis – key enzymes"
"What directly inhibits pyruvate dehydrogenase (PDH) activity in the mitochondrial matrix?","High ADP and pyruvate","High NAD⁺ and CoA","High acetyl-CoA and NADH","High Ca²⁺ levels",C,"PDH is inhibited by its products acetyl-CoA and NADH, signaling abundant energy.",Medium,"Pyruvate dehydrogenase regulation"
"What is the immediate fate of pyruvate in aerobic mammalian cells with sufficient oxygen and active mitochondria?","It is reduced to lactate in the cytosol.","It is converted to acetyl-CoA by pyruvate dehydrogenase and enters the citric acid cycle.","It is converted directly into glucose in the cytosol.","It is exported out of the cell unchanged.",B,"Under aerobic conditions, pyruvate is transported into mitochondria and oxidatively decarboxylated to acetyl-CoA.",Easy,"Fate of pyruvate"
"Which cofactor is required by pyruvate dehydrogenase and α-ketoglutarate dehydrogenase complexes?","Biotin","FAD only","Thiamine pyrophosphate (TPP)","Vitamin C",C,"Both PDH and α-ketoglutarate dehydrogenase use TPP as a cofactor for decarboxylation.",Hard,"CAC & PDH cofactors"
"Which citric acid cycle intermediate is formed when acetyl-CoA condenses with oxaloacetate?","Citrate","Succinate","Fumarate","Malate",A,"Acetyl-CoA and oxaloacetate condense to form citrate via citrate synthase.",Easy,"Citric acid cycle intermediates"
"What is produced in one turn of the citric acid cycle from one acetyl-CoA (ignoring GTP vs ATP distinction)?","1 CO₂, 3 NADH, 1 FADH₂, 1 ATP (or GTP)","2 CO₂, 3 NADH, 1 FADH₂, 1 ATP (or GTP)","2 CO₂, 2 NADH, 2 FADH₂, 2 ATP","2 CO₂, 1 NADH, 1 FADH₂, 1 ATP",B,"Each acetyl-CoA yields 2 CO₂, 3 NADH, 1 FADH₂ and 1 ATP (or GTP) in one cycle.",Medium,"Citric acid cycle yields"
"Which complex of the electron transport chain accepts electrons from FADH₂?","Complex I (NADH dehydrogenase)","Complex II (succinate dehydrogenase)","Complex III (cytochrome bc₁)","Complex IV (cytochrome c oxidase)",B,"Complex II oxidizes succinate and passes electrons from FADH₂ into the ETC.",Medium,"ETC components – complex II"
"In oxidative phosphorylation, what acts as the final electron acceptor?","NAD⁺","FAD","Carbon dioxide","Molecular oxygen (O₂)",D,"Oxygen is reduced to water at complex IV, serving as the terminal electron acceptor.",Easy,"Electron transport chain – terminal acceptor"
"If mitochondrial inner membrane integrity is lost, which process is most directly impaired?","Glycolysis in the cytosol","Substrate-level phosphorylation in the citric acid cycle","Chemiosmotic coupling between electron transport and ATP synthesis","DNA replication in the nucleus",C,"The proton gradient cannot be maintained, so chemiosmotic coupling and ATP synthase function are disrupted.",Medium,"Chemiosmosis & membrane integrity"
"Which statement about substrate-level phosphorylation is correct?","It only occurs in the mitochondrial matrix.","It occurs in glycolysis and the citric acid cycle when a phosphate is transferred directly to ADP.","It refers to ATP synthesis driven by a proton gradient.","It requires an intact electron transport chain.",B,"Substrate-level phosphorylation makes ATP (or GTP) by direct phosphate transfer in glycolysis and CAC.",Easy,"Substrate-level phosphorylation"
"Which step of cellular respiration directly produces the most reduced electron carriers (NADH and FADH₂)?","Glycolysis","Pyruvate oxidation","Citric acid cycle","Oxidative phosphorylation",C,"The citric acid cycle generates the bulk of NADH and FADH₂ used in the ETC.",Medium,"Citric acid cycle – role in energy capture"
"Why does blocking ATP synthase initially slow electron transport?","ADP levels increase in the matrix.","Protons accumulate in the intermembrane space, increasing back pressure on proton pumps.","Complex I stops accepting electrons from NADH.","Oxygen is no longer available as an electron acceptor.",B,"With ATP synthase blocked, proton gradient builds up and proton pumping becomes thermodynamically unfavorable, slowing electron flow.",Hard,"Coupling of ETC and ATP synthase"
"Which of the following best defines the proton-motive force (PMF)?","The ATP concentration in the cytosol","The combination of membrane potential and pH gradient across the inner mitochondrial membrane","The difference in NADH concentration between matrix and cytosol","The rate of ATP hydrolysis by ATP synthase",B,"PMF is the sum of Δψ (voltage) and ΔpH across the inner mitochondrial membrane.",Medium,"Proton-motive force definition"
"What is the main advantage of using oxygen as the terminal electron acceptor?","Oxygen is abundant and forms weak bonds with electrons.","Oxygen has a high redox potential, allowing a large release of free energy when reduced to water.","Oxygen requires no specialized enzymes for reduction.","Oxygen can be stored in membranes.",B,"O₂ has a high reduction potential, providing a big energetic drop to drive proton pumping and ATP synthesis.",Medium,"Energetics of oxygen as acceptor"
"Which of the following would most directly increase the rate of oxidative phosphorylation in active muscle?","Decreased ADP levels in the matrix","Increased NADH and ADP availability","Decreased oxygen concentration","Inhibition of the malate–aspartate shuttle",B,"High NADH and ADP stimulate electron transport and ATP synthase activity.",Medium,"Control of oxidative phosphorylation"
"Which molecule allosterically activates pyruvate dehydrogenase phosphatase, thereby stimulating PDH?","ATP","NADH","Acetyl-CoA","Ca²⁺",D,"Ca²⁺ released during muscle contraction activates PDH phosphatase, promoting PDH activity.",Hard,"PDH regulation by calcium"
"Which statement about glycolysis in red blood cells is true?","They run glycolysis only when oxygen is absent.","They use glycolysis to generate ATP even when oxygen is present, because they have no mitochondria.","They rely only on oxidative phosphorylation for ATP.","They store ATP in the nucleus for later use.",B,"RBCs lack mitochondria and depend entirely on glycolysis for ATP, regardless of oxygen.",Medium,"RBC metabolism – glycolysis"
"Which of the following is a major allosteric inhibitor of citrate synthase?","AMP","Citrate","ADP","CoA",B,"Citrate, the product, inhibits citrate synthase via feedback when energy is abundant.",Hard,"Regulation of citrate synthase"
"What happens to the rate of glycolysis in yeast when oxygen is introduced and the ETC becomes active (the Pasteur effect)?","Glycolysis rate increases to match higher ATP demand.","Glycolysis rate decreases because ATP is produced more efficiently by oxidative phosphorylation.","Glycolysis rate is unchanged.","Glycolysis stops completely.",B,"With oxygen and efficient OxPhos, cells rely less on glycolysis, so glycolytic flux decreases.",Hard,"Pasteur effect – glycolysis vs respiration"
"Which pathway is upregulated in liver when blood glucose is high and ATP levels are adequate?","Gluconeogenesis","Glycogen synthesis and glycolysis","β-oxidation of fatty acids","Ketone body production",B,"High glucose and energy promote glycolysis and storage as glycogen in liver.",Medium,"Liver metabolism – postprandial state"
"What is the primary fuel source for the brain during prolonged starvation (after several days)?","Free fatty acids","Ketone bodies (e.g., β-hydroxybutyrate)","Glycogen","Lactate",B,"During prolonged fasting, the brain increasingly uses ketone bodies produced by the liver.",Medium,"Starvation – brain fuel use"
"Which statement correctly describes β-oxidation of fatty acids?","It occurs in the cytosol of eukaryotic cells.","It produces acetyl-CoA, NADH and FADH₂ from fatty acyl-CoA in the mitochondrial matrix.","It generates glucose directly from fatty acids.","It requires oxygen as a direct substrate for each step.",B,"β-oxidation in the mitochondrial matrix sequentially removes two-carbon units as acetyl-CoA, producing NADH and FADH₂.",Medium,"β-oxidation basics"
"What is the role of carnitine in fatty acid metabolism?","It activates fatty acids in the cytosol.","It transports long-chain fatty acyl groups into the mitochondrial matrix.","It directly oxidizes fatty acids to acetyl-CoA.","It is a cofactor for PDH.",B,"Carnitine shuttles long-chain fatty acyl groups across the inner mitochondrial membrane.",Hard,"Carnitine shuttle – fatty acid import"
"If an inhibitor blocks the carnitine shuttle, which process is most directly impaired?","Glycolysis in muscle","β-oxidation of long-chain fatty acids in mitochondria","Citric acid cycle activity in the cytosol","Gluconeogenesis in the liver",B,"Without the carnitine shuttle, long-chain fatty acids cannot enter mitochondria for β-oxidation.",Medium,"Carnitine shuttle inhibition"
"Which organ is the primary producer of ketone bodies?","Brain","Heart","Liver","Skeletal muscle",C,"The liver converts excess acetyl-CoA into ketone bodies during fasting.",Easy,"Ketone body synthesis – organ"
"Which of the following is NOT a ketone body?","Acetoacetate","Acetone","β-hydroxybutyrate","Citrate",D,"Citrate is a citric acid cycle intermediate, not a ketone body.",Easy,"Ketone bodies – identity"
"What is the main purpose of lactic acid fermentation in muscle cells?","To generate large amounts of ATP without glycolysis","To regenerate NAD⁺ from NADH so glycolysis can continue in the absence of sufficient oxygen","To convert lactate into acetyl-CoA","To store carbon as fat",B,"Fermentation regenerates NAD⁺, allowing glycolysis to continue producing ATP anaerobically.",Easy,"Lactic fermentation – purpose"
"In alcoholic fermentation in yeast, what is pyruvate first converted into before ethanol?","Lactate","Acetyl-CoA","Acetaldehyde","Oxaloacetate",C,"Pyruvate is decarboxylated to acetaldehyde, which is then reduced to ethanol.",Medium,"Alcoholic fermentation steps"
"Which respirometer setup would allow you to measure the effect of temperature on metabolic rate of germinating seeds?","Use seeds at a single temperature with no control vial.","Use two sets of seeds at different temperatures but no KOH.","Use identical respirometers with seeds at different temperatures and separate bead-only controls, all with KOH present.","Use only glass beads at two different temperatures.",C,"Comparing O₂ consumption at different temperatures with proper bead controls isolates temperature effects.",Hard,"Experimental design – temperature & respiration"
"In a respirometry lab, what would be the expected effect of cooling germinating peas from 25°C to 10°C?","Increased O₂ consumption because enzymes work faster at lower temperature.","Decreased O₂ consumption because enzyme-catalyzed reactions slow at lower temperature.","No change in O₂ consumption.","Immediate death of seeds.",B,"Lower temperature slows enzyme kinetics, reducing cellular respiration and O₂ consumption.",Medium,"Temperature effects on respiration"
"In a living cell, which compartment has the lowest pH during active oxidative phosphorylation?","Cytosol","Mitochondrial matrix","Mitochondrial intermembrane space","Nucleus",C,"Protons are pumped into the intermembrane space, making it more acidic than the matrix.",Medium,"pH gradients in mitochondria"
"What is the immediate biochemical consequence of ischemia (loss of blood supply) on a tissue’s mitochondria?","Increased oxygen delivery","Increased ATP production by oxidative phosphorylation","Loss of oxygen as the final electron acceptor, halting electron transport and ATP synthesis","Activation of β-oxidation",C,"Without oxygen, the ETC stops and OxPhos ceases, leading to ATP depletion.",Medium,"Ischemia & OxPhos"
"Which enzyme converts pyruvate to lactate in muscle cells?","Lactate dehydrogenase","Pyruvate carboxylase","Pyruvate kinase","Alanine transaminase",A,"Lactate dehydrogenase reduces pyruvate to lactate while oxidizing NADH to NAD⁺.",Easy,"Lactate dehydrogenase – role"
"In the Cori cycle, which organ primarily converts lactate back into glucose?","Brain","Heart","Liver","Skeletal muscle",C,"The liver performs gluconeogenesis to convert lactate from muscle back to glucose.",Easy,"Cori cycle – organ roles"
"Which metabolic change would you expect in a person with thiamine (vitamin B₁) deficiency?","Increased PDH activity and more acetyl-CoA","Impaired PDH and α-ketoglutarate dehydrogenase activity, leading to lactic acidosis","Complete shutdown of glycolysis","Excess production of ketone bodies from glucose",B,"Thiamine is required for TPP-dependent dehydrogenases; deficiency leads to impaired oxidative metabolism and lactate buildup.",Hard,"Vitamin deficiency & PDH/CAC"
"Which of the following tissues has the highest density of mitochondria due to its continuous high energy demand?","Skin epithelium","Cardiac (heart) muscle","Cartilage","Red blood cells",B,"Cardiac muscle cells are packed with mitochondria and rely heavily on aerobic respiration.",Easy,"Tissue-specific mitochondrial density"
"What is the primary source of ATP for a runner during the first few seconds (1–3 s) of a sprint?","Aerobic oxidation of glucose","Aerobic oxidation of fatty acids","Phosphocreatine (creatine phosphate) stores","Alcoholic fermentation",C,"Immediate energy comes from high-energy phosphate stored in phosphocreatine.",Medium,"Exercise metabolism – immediate ATP sources"
"During a 1–2 minute intense sprint, which pathway becomes a major contributor to ATP production?","Oxidative phosphorylation from fatty acids","Anaerobic glycolysis with lactic fermentation","Gluconeogenesis","Ketone body oxidation",B,"Short, intense exercise depends heavily on glycolysis and lactate production.",Medium,"Exercise metabolism – short-term ATP"
"Which reaction of glycolysis directly generates ATP by substrate-level phosphorylation?","Glucose → glucose-6-phosphate","Fructose-6-phosphate → fructose-1,6-bisphosphate","1,3-bisphosphoglycerate → 3-phosphoglycerate","Glucose-6-phosphate → fructose-6-phosphate",C,"Phosphoglycerate kinase transfers phosphate from 1,3-BPG to ADP, generating ATP.",Medium,"Glycolysis – ATP-producing steps"
"Which metabolite is transported out of the mitochondrial matrix to provide carbon skeletons for fatty acid and cholesterol synthesis in the cytosol?","Citrate","Succinate","Oxaloacetate","Fumarate",A,"Citrate is exported and cleaved in the cytosol to provide acetyl-CoA for lipid synthesis.",Medium,"Citrate shuttle – biosynthesis"
"Which of the following best explains the Crabtree effect observed in some tumor cells and yeast?","Oxygen presence always suppresses respiration.","High glucose can suppress oxidative phosphorylation even under aerobic conditions by favoring glycolysis and fermentation.","High oxygen forces cells into fermentation.","Cells lose the ability to run glycolysis.",B,"In the Crabtree effect, abundant glucose drives high glycolysis and reduces reliance on OxPhos, even with oxygen.",Hard,"Crabtree effect – metabolism"
"Which of these is a direct product of the pyruvate carboxylase reaction?","Acetyl-CoA","Oxaloacetate","Citrate","Lactate",B,"Pyruvate carboxylase uses CO₂ and ATP to convert pyruvate into oxaloacetate.",Medium,"Pyruvate carboxylase – anaplerosis"
"In liver, which conditions favor gluconeogenesis over glycolysis?","High insulin, high fructose-2,6-bisphosphate","High ATP, high citrate, high acetyl-CoA","High AMP and ADP","Low NADH/NAD⁺ ratio",B,"High ATP, citrate and acetyl-CoA signal abundant energy, activating gluconeogenesis and inhibiting glycolysis.",Hard,"Gluconeogenesis vs glycolysis regulation"
"Which cell type can oxidize both glucose and fatty acids efficiently and also use ketone bodies during prolonged fasting?","Red blood cell","Neuron","Cardiac muscle cell","Lens fiber cell",C,"Heart muscle flexibly uses glucose, fatty acids and ketone bodies depending on availability.",Medium,"Fuel flexibility – heart"
"What is the main respiratory substrate for actively photosynthesizing plant leaves at night?","Sunlight","Stored starch converted to sugars","Atmospheric nitrogen","Ketone bodies",B,"At night, plants respire sugars derived from stored starch to generate ATP.",Medium,"Plant night respiration"
"Which of the following would be expected in a person with a defect in mitochondrial complex I?","Normal NADH oxidation but impaired FADH₂ oxidation","Impaired NADH oxidation and decreased ATP production, but some ATP can still be produced from FADH₂ via complex II","Complete loss of all oxidative phosphorylation","Increased proton pumping at complex I",B,"Complex I defects impair NADH oxidation, but electrons from FADH₂ at complex II still support limited respiration.",Hard,"Mitochondrial disease – complex I"
"Which of the following molecules directly inhibits cytochrome c oxidase (complex IV)?","Rotenone","Cyanide","Malonate","Oligomycin",B,"Cyanide binds complex IV and prevents reduction of O₂ to H₂O.",Medium,"ETC inhibitor – cyanide"
"Which effect would you expect if oligomycin is added to intact cells?","Increase in ATP production","Decrease in proton gradient across the inner membrane","Blockage of ATP synthase proton channel, leading to reduced oxygen consumption","Activation of uncoupling proteins",C,"Oligomycin blocks ATP synthase; proton gradient builds and eventually slows electron transport and O₂ consumption.",Medium,"Oligomycin – ATP synthase inhibition"
"Which of the following is a feature of uncoupling proteins (like UCP1) in brown fat?","They pump protons out of the matrix using ATP.","They allow protons to re-enter the matrix independent of ATP synthase, releasing energy as heat.","They block electron flow at complex I.","They synthesize ATP without a proton gradient.",B,"Uncoupling proteins dissipate the proton gradient as heat instead of making ATP.",Medium,"Uncoupling proteins – function"
"Which event occurs when ATP levels are low and AMP levels are high in muscle cells?","Glycogen synthesis is stimulated.","Phosphofructokinase-1 activity increases, accelerating glycolysis.","Electron transport is completely shut down.","Fatty acid synthesis increases.",B,"High AMP signals low energy and activates PFK-1 to increase glycolytic ATP production.",Easy,"Energy charge & PFK-1"
"Which metabolite is a major allosteric activator of fructose-1,6-bisphosphatase (FBPase-1), the gluconeogenic counterpart of PFK-1?","Fructose-2,6-bisphosphate","AMP","Citrate","Glucose-6-phosphate",C,"Citrate promotes gluconeogenesis by activating FBPase-1 and inhibiting PFK-1.",Hard,"Gluconeogenesis regulation – FBPase-1"
"Which organ has the greatest capacity for gluconeogenesis?","Brain","Skeletal muscle","Liver","Adipose tissue",C,"The liver is the primary organ for gluconeogenesis during fasting.",Easy,"Gluconeogenesis – organ"
"Why can the citric acid cycle not run without a supply of oxaloacetate, even if acetyl-CoA is abundant?","Oxaloacetate is only needed for gluconeogenesis, not the CAC.","Acetyl-CoA can replace oxaloacetate.","Oxaloacetate is required to condense with acetyl-CoA to start the cycle and must be regenerated each turn.","The cycle does not require acetyl-CoA.",C,"Oxaloacetate condenses with acetyl-CoA to form citrate; without it, the cycle cannot proceed.",Medium,"Requirement for oxaloacetate in CAC"
"Which organelle is primarily responsible for β-oxidation of very long-chain fatty acids (before they go to mitochondria)?","Golgi apparatus","Peroxisome","Lysosome","Nucleus",B,"Peroxisomes partially oxidize very long-chain fatty acids, which are later processed in mitochondria.",Hard,"Peroxisomal β-oxidation"
"In which condition would you expect the highest rate of ketone body production?","Immediately after a high-carbohydrate meal","During prolonged fasting or untreated type 1 diabetes","During brief moderate exercise","In anoxic tissues",B,"When carbohydrate is scarce or insulin is low, the liver converts excess acetyl-CoA from fat into ketone bodies.",Medium,"Ketogenesis conditions"
"What happens to NADH produced in glycolysis in aerobic cells with functional mitochondria?","It stays in the cytosol and accumulates.","Its electrons are transferred into mitochondria via shuttles such as the malate–aspartate or glycerol-3-phosphate shuttles.","It directly donates electrons to oxygen in the cytosol.","It is converted to FADH₂.",B,"Shuttle systems move reducing equivalents from cytosolic NADH into the mitochondrial ETC.",Medium,"NADH shuttles – overview"
"In which phase of cellular respiration is the majority of CO₂ released?","Glycolysis","Pyruvate oxidation and citric acid cycle","Electron transport chain","ATP synthase activity",B,"Most CO₂ is produced during oxidative decarboxylation of pyruvate and in the citric acid cycle.",Medium,"CO₂ production sites"
"Which ion gradient is directly used by ATP synthase in mitochondria?","Na⁺ gradient","H⁺ gradient","K⁺ gradient","Ca²⁺ gradient",B,"ATP synthase harnesses the proton (H⁺) gradient across the inner membrane.",Easy,"ATP synthase – driving force"
"In actively respiring mitochondria, which side of the inner membrane is more positive?","Matrix side","Cytosolic side of outer membrane","Intermembrane space side","All sides are equal",C,"Proton pumping makes the intermembrane space more positive relative to the negatively charged matrix.",Medium,"Membrane potential – sides"
"Which of the following is NOT directly part of the electron transport chain?","Coenzyme Q (ubiquinone)","Cytochrome c","ATP synthase","Complex III",C,"ATP synthase uses the proton gradient generated by the ETC but is not itself part of the electron transport chain.",Medium,"ETC vs ATP synthase"
"Why does inhibition of complex III reduce ATP synthesis, even though complexes I and II are intact?","Electrons can still pass directly from complex I to IV.","Electrons accumulate in complexes I and II and cannot reach oxygen, so proton pumping and ATP synthesis decrease.","Complex III normally hydrolyzes ATP.","Complex III only handles FADH₂ electrons.",B,"Without complex III, electrons cannot pass to complex IV, halting proton pumping beyond complexes I/II and lowering ATP production.",Hard,"ETC flow – role of complex III"
"What happens to lactate produced in muscle during recovery after exercise?","It remains in muscle and permanently lowers pH.","It is converted to ethanol in muscle.","It is transported to the liver, where much of it is converted back to glucose via gluconeogenesis.","It is excreted unchanged in urine.",C,"Post-exercise lactate is largely transported to the liver for gluconeogenesis (Cori cycle).",Medium,"Lactate fate after exercise"
"What is the main reason that fatty acids cannot be converted to glucose in humans?","Fatty acids contain no carbon atoms.","Acetyl-CoA carbons are fully oxidized to CO₂ in the citric acid cycle and do not produce net oxaloacetate for gluconeogenesis.","Fatty acids never enter mitochondria.","The liver lacks enzymes for β-oxidation.",B,"Acetyl-CoA entry into CAC results in full oxidation to CO₂ without net production of gluconeogenic intermediates.",Hard,"Why fats cannot yield net glucose"
"Which of the following best describes anaplerotic reactions?","Reactions that remove intermediates from the citric acid cycle.","Reactions that replenish citric acid cycle intermediates so the cycle can continue.","Reactions that only occur in red blood cells.","Reactions that convert glucose to glycogen.",B,"Anaplerotic reactions refill CAC intermediates (e.g., pyruvate → oxaloacetate).",Medium,"Anaplerosis – CAC support"
"In an experiment, an uncoupler is added to isolated mitochondria with abundant substrates and ADP present. What happens?","Oxygen consumption decreases and ATP production increases.","Oxygen consumption increases and ATP production decreases.","Both oxygen consumption and ATP production increase.","Both oxygen consumption and ATP production decrease to zero.",B,"Uncouplers increase electron flow and O₂ use but collapse the proton gradient, so ATP synthesis falls.",Medium,"Uncouplers – effect on O₂ & ATP"
"Why is lactic acidosis a risk in patients with severe PDH deficiency?","Pyruvate is converted directly to ethanol in humans.","Pyruvate accumulates and is increasingly reduced to lactate by lactate dehydrogenase when it cannot enter the PDH pathway.","Glycolysis stops completely.","The ETC runs too fast.",B,"Blocked PDH causes pyruvate buildup that is shunted to lactate, leading to acidosis.",Medium,"PDH deficiency & lactic acidosis"
"In a mitochondrion, which transporter exchanges ATP⁴⁻ for ADP³⁻ across the inner membrane?","Phosphate translocase","Malate–α-ketoglutarate antiporter","Aspartate–glutamate carrier","ADP/ATP translocase",D,"The ADP/ATP translocase exports ATP to the cytosol while importing ADP into the matrix.",Hard,"ADP/ATP translocase – function"
"In a plant leaf in bright light, what is the relationship between photosynthesis and mitochondrial respiration?","Photosynthesis replaces the need for mitochondrial respiration.","Mitochondria are inactive during the day.","Chloroplasts and mitochondria can cooperate by exchanging metabolites; mitochondrial respiration can help balance ATP and carbon skeleton needs.","Mitochondria perform photosynthesis.",C,"Under light, chloroplasts and mitochondria share reducing power and carbon; respiration still occurs and can complement photosynthesis.",Medium,"Plant chloroplast–mitochondria integration"
"In the experiment using tetrazolium (TTC) as an indicator of respiration, why do actively respiring seeds turn red?","TTC is oxidized by oxygen.","TTC is reduced by accepting electrons from the ETC, forming a red formazan product.","TTC binds directly to ATP and fluoresces red.","TTC reacts with CO₂.",B,"TTC acts as an artificial electron acceptor; its reduction forms a red compound, indicating active electron transport.",Hard,"Experimental indicator – TTC & respiration"
"Which statement about ATP yield is most accurate for human cells under aerobic conditions?","All cells always generate 38 ATP per glucose.","ATP yield per glucose may vary because of different NADH shuttles and proton leak.","ATP yield is exactly 2 ATP per glucose for all cells.","ATP yield does not depend on oxygen.",B,"Differences in shuttles and uncoupling mean ATP per glucose is typically ~30–32 and not fixed.",Medium,"Variability in ATP yield"
"Which best explains why brown adipose tissue is more abundant in newborn mammals?","Newborns need extra oxygen transport.","Newborns rely on anaerobic metabolism.","Newborns rely on non-shivering thermogenesis via UCP1-mediated uncoupling to maintain body temperature.","Newborns cannot perform β-oxidation.",C,"Brown fat uses UCP1 to generate heat without shivering, important for newborn thermal regulation.",Medium,"Brown fat in newborns – thermogenesis"
"Which process is most likely to be upregulated in skeletal muscle during prolonged, low-intensity exercise?","Anaerobic glycolysis","β-oxidation of fatty acids and mitochondrial respiration","Alcoholic fermentation","Ketone body production",B,"Endurance exercise favors fat oxidation and aerobic ATP production in mitochondria.",Medium,"Endurance exercise – fuel usage"
"Which condition would most strongly stimulate ketone body use by the brain?","Immediately after a high-carb snack","First 2 hours of fasting","Several days of fasting or very low-carbohydrate intake","High-protein meal with normal carbs",C,"After several days of fasting, ketone levels rise and the brain adapts to using them for energy.",Medium,"Brain adaptation to ketones"
"Why are mitochondrial DNA mutations often expressed most strongly in skeletal and cardiac muscle?","These tissues have the weakest mitochondria.","These tissues rely heavily on oxidative phosphorylation, so defects in mitochondria impair their function the most.","These tissues do not use ATP.","These tissues do not contain mitochondria.",B,"High-energy-demand tissues are most sensitive to mitochondrial dysfunction.",Medium,"mtDNA disease – tissue specificity"
"Which of the following is an effect of reactive oxygen species (ROS) generated by the ETC if not adequately detoxified?","Increased ATP synthesis","Oxidative damage to lipids, proteins and DNA","Improved enzyme function","Enhanced DNA repair only",B,"Excess ROS damage biomolecules, contributing to aging and disease.",Medium,"ROS from ETC – consequences"